ID,Name,FirstName,Gender,Email
165,Austin Robbins,Paul,male,kathrynbrown@example.org
175,Lindsay Snyder,Jonathon,male,andrew36@example.net
172,Tiffany Thompson,Amy,male,whitekenneth@example.org
41,Shirley Cooper,Ashley,female,anthony28@example.com
61,Martin Morris,Theresa,female,theresa61@example.com
22,Kristi Jones,Linda,female,victoriajenkins@example.com
26,Jessica Fuentes,Destiny,female,perezstacey@example.com
8,Thomas Koch,Alexander,female,hhoover@example.net
56,Mark Gonzalez,Kristy,male,joseph27@example.net
164,Brian Ingram,William,male,ckirk@example.net
